,genero_musical,comida_favorita,filme_favorito,esporte_favorito,time,religiao,tem_filhos,idade,destino
0,7.0,1.0,7.0,4.0,4.0,0.0,1,21,Shopping
1,7.0,1.0,7.0,4.0,4.0,0.0,1,21,Parque
2,7.0,1.0,7.0,4.0,4.0,0.0,1,21,Shopping
3,1.0,1.0,7.0,3.0,1.0,6.0,1,21,Parque
4,5.0,0.0,1.0,0.0,1.0,5.0,0,21,Jogos
5,5.0,0.0,1.0,0.0,1.0,5.0,0,21,Jogos
6,5.0,0.0,1.0,0.0,1.0,5.0,0,21,Jogos
7,5.0,0.0,1.0,0.0,1.0,5.0,0,21,Jogos
8,5.0,0.0,1.0,0.0,1.0,5.0,0,21,Jogos
9,5.0,0.0,1.0,0.0,1.0,5.0,0,21,Jogos
10,3.0,0.0,3.0,0.0,3.0,0.0,1,27,Shopping
11,3.0,4.0,2.0,0.0,0.0,0.0,1,27,Shopping
12,0.0,5.0,7.0,7.0,0.0,6.0,1,57,Teatro
13,0.0,1.0,1.0,0.0,3.0,0.0,1,53,Parque
14,0.0,0.0,1.0,4.0,0.0,0.0,1,52,Shopping
15,3.0,2.0,3.0,2.0,4.0,0.0,1,52,Parque
16,7.0,1.0,3.0,2.0,1.0,0.0,1,50,Cinema
17,7.0,1.0,3.0,2.0,1.0,0.0,1,50,Shopping
18,7.0,1.0,3.0,2.0,1.0,0.0,1,50,Parque
19,7.0,1.0,3.0,2.0,1.0,0.0,1,50,Shopping
20,7.0,1.0,3.0,2.0,1.0,0.0,1,50,Show
21,7.0,1.0,3.0,2.0,1.0,0.0,1,50,Museu
22,7.0,1.0,3.0,2.0,1.0,0.0,1,50,Biblioteca
23,7.0,1.0,3.0,2.0,1.0,0.0,1,50,Estádio
24,7.0,1.0,3.0,2.0,1.0,0.0,1,50,Jogos
25,7.0,1.0,3.0,2.0,1.0,0.0,1,50,Teatro
26,7.0,1.0,3.0,2.0,1.0,0.0,1,50,Bar
27,1.0,5.0,5.0,0.0,3.0,0.0,1,50,Shopping
28,1.0,5.0,5.0,0.0,3.0,0.0,1,50,Shopping
29,1.0,5.0,5.0,0.0,3.0,0.0,1,50,Teatro
30,1.0,5.0,5.0,0.0,3.0,0.0,1,50,Bar
31,7.0,1.0,2.0,7.0,4.0,0.0,1,47,OUTROS
32,7.0,1.0,2.0,7.0,4.0,0.0,1,47,OUTROS
33,4.0,4.0,5.0,7.0,4.0,0.0,1,47,Cinema
34,4.0,4.0,5.0,7.0,4.0,0.0,1,47,Shopping
35,4.0,4.0,5.0,7.0,4.0,0.0,1,47,Parque
36,4.0,4.0,5.0,7.0,4.0,0.0,1,47,Show
37,4.0,4.0,5.0,7.0,4.0,0.0,1,47,Teatro
38,4.0,4.0,5.0,7.0,4.0,0.0,1,47,Bar
39,4.0,1.0,2.0,7.0,3.0,0.0,1,46,Parque
40,1.0,5.0,3.0,2.0,1.0,0.0,1,46,Shopping
41,0.0,1.0,2.0,2.0,1.0,0.0,1,45,Bar
42,1.0,5.0,2.0,0.0,1.0,0.0,1,45,Shopping
43,4.0,1.0,4.0,2.0,4.0,0.0,1,44,Cinema
44,1.0,5.0,7.0,2.0,4.0,0.0,1,44,Shopping
45,7.0,4.0,3.0,4.0,1.0,0.0,1,44,Shopping
46,4.0,1.0,5.0,7.0,3.0,6.0,1,44,Shopping
47,4.0,1.0,5.0,7.0,3.0,6.0,1,44,Shopping
48,1.0,0.0,0.0,7.0,3.0,0.0,1,43,Cinema
49,1.0,0.0,0.0,7.0,3.0,0.0,1,43,Shopping
50,1.0,0.0,0.0,7.0,3.0,0.0,1,43,Parque
51,1.0,0.0,0.0,7.0,3.0,0.0,1,43,Shopping
52,7.0,1.0,7.0,3.0,1.0,6.0,0,43,Shopping
53,1.0,0.0,1.0,0.0,1.0,0.0,1,42,Shopping
54,3.0,4.0,5.0,2.0,1.0,0.0,1,42,Shopping
55,3.0,4.0,5.0,2.0,1.0,0.0,1,42,Parque
56,7.0,0.0,5.0,0.0,1.0,0.0,1,42,Shopping
57,7.0,0.0,5.0,0.0,1.0,0.0,1,42,Shopping
58,1.0,0.0,3.0,2.0,3.0,4.0,1,41,Show
59,1.0,6.0,3.0,4.0,0.0,0.0,1,41,Cinema
60,1.0,6.0,3.0,4.0,0.0,0.0,1,41,Shopping
61,1.0,6.0,3.0,4.0,0.0,0.0,1,41,Show
62,1.0,6.0,3.0,4.0,0.0,0.0,1,41,Teatro
63,0.0,4.0,5.0,2.0,4.0,0.0,1,41,Cinema
64,0.0,4.0,5.0,2.0,4.0,0.0,1,41,Shopping
65,0.0,4.0,5.0,2.0,4.0,0.0,1,41,Parque
66,0.0,4.0,5.0,2.0,4.0,0.0,1,41,Shopping
67,0.0,4.0,5.0,2.0,4.0,0.0,1,41,Museu
68,0.0,4.0,5.0,2.0,4.0,0.0,1,41,Biblioteca
69,0.0,4.0,5.0,2.0,4.0,0.0,1,41,Jogos
70,0.0,4.0,5.0,2.0,4.0,0.0,1,41,Teatro
71,1.0,0.0,7.0,2.0,1.0,0.0,1,41,Parque
72,1.0,4.0,7.0,4.0,1.0,0.0,1,41,Parque
73,0.0,4.0,0.0,0.0,1.0,0.0,1,41,Bar
74,1.0,4.0,3.0,4.0,1.0,6.0,1,41,Cinema
75,1.0,4.0,3.0,4.0,1.0,6.0,1,41,Shopping
76,1.0,4.0,3.0,4.0,1.0,6.0,1,41,Parque
77,1.0,4.0,3.0,4.0,1.0,6.0,1,41,Shopping
78,1.0,4.0,3.0,4.0,1.0,6.0,1,41,Show
79,1.0,0.0,7.0,0.0,0.0,0.0,1,41,Shopping
80,4.0,0.0,5.0,3.0,4.0,0.0,1,41,Shopping
81,1.0,1.0,0.0,7.0,3.0,0.0,1,41,Parque
82,1.0,1.0,0.0,7.0,3.0,0.0,1,41,Teatro
83,1.0,1.0,0.0,7.0,3.0,0.0,1,41,OUTROS
84,7.0,0.0,7.0,0.0,1.0,0.0,1,41,Shopping
85,3.0,1.0,7.0,2.0,4.0,0.0,1,41,Parque
86,1.0,5.0,7.0,4.0,1.0,6.0,1,40,Shopping
87,7.0,1.0,3.0,2.0,4.0,0.0,1,40,Cinema
88,0.0,0.0,6.0,0.0,1.0,0.0,1,40,Shopping
89,1.0,1.0,4.0,2.0,3.0,0.0,1,40,Show
90,1.0,1.0,2.0,7.0,2.0,4.0,1,39,Bar
91,1.0,0.0,0.0,2.0,1.0,6.0,1,39,Shopping
92,1.0,0.0,1.0,2.0,4.0,0.0,1,39,Cinema
93,3.0,1.0,5.0,0.0,5.0,0.0,0,38,Shopping
94,3.0,1.0,5.0,0.0,5.0,0.0,0,38,Parque
95,3.0,1.0,5.0,0.0,5.0,0.0,0,38,Show
96,3.0,1.0,5.0,0.0,5.0,0.0,0,38,Teatro
97,3.0,1.0,5.0,0.0,5.0,0.0,0,38,Bar
98,3.0,1.0,5.0,0.0,5.0,0.0,0,38,Shopping
99,3.0,1.0,5.0,0.0,5.0,0.0,0,38,Parque
100,3.0,1.0,5.0,0.0,5.0,0.0,0,38,Show
101,3.0,1.0,5.0,0.0,5.0,0.0,0,38,Teatro
102,3.0,1.0,5.0,0.0,5.0,0.0,0,38,Bar
103,3.0,1.0,5.0,0.0,5.0,0.0,0,38,Shopping
104,3.0,1.0,5.0,0.0,5.0,0.0,0,38,Parque
105,3.0,1.0,5.0,0.0,5.0,0.0,0,38,Show
106,3.0,1.0,5.0,0.0,5.0,0.0,0,38,Teatro
107,3.0,1.0,5.0,0.0,5.0,0.0,0,38,Bar
108,3.0,1.0,0.0,7.0,4.0,5.0,1,38,Cinema
109,3.0,1.0,0.0,7.0,4.0,5.0,1,38,Shopping
110,3.0,1.0,0.0,7.0,4.0,5.0,1,38,Parque
111,3.0,1.0,0.0,7.0,4.0,5.0,1,38,Teatro
112,7.0,5.0,1.0,4.0,4.0,5.0,1,38,Shopping
113,3.0,1.0,7.0,3.0,4.0,0.0,1,38,Shopping
114,3.0,1.0,7.0,3.0,4.0,0.0,1,38,Parque
115,3.0,1.0,7.0,3.0,4.0,0.0,1,38,Shopping
116,3.0,1.0,7.0,3.0,4.0,0.0,1,38,OUTROS
117,1.0,0.0,1.0,0.0,3.0,0.0,1,38,Cinema
118,0.0,0.0,3.0,2.0,3.0,0.0,1,37,Cinema
119,0.0,0.0,3.0,2.0,3.0,0.0,1,37,Shopping
120,0.0,0.0,3.0,2.0,3.0,0.0,1,37,Parque
121,0.0,0.0,3.0,2.0,3.0,0.0,1,37,Shopping
122,0.0,0.0,3.0,2.0,3.0,0.0,1,37,Show
123,0.0,0.0,3.0,2.0,3.0,0.0,1,37,Museu
124,0.0,0.0,3.0,2.0,3.0,0.0,1,37,Biblioteca
125,0.0,0.0,3.0,2.0,3.0,0.0,1,37,Estádio
126,0.0,0.0,3.0,2.0,3.0,0.0,1,37,Jogos
127,0.0,0.0,3.0,2.0,3.0,0.0,1,37,Teatro
128,0.0,1.0,0.0,1.0,2.0,0.0,0,37,Bar
129,0.0,1.0,0.0,1.0,2.0,0.0,0,37,Bar
130,0.0,0.0,1.0,1.0,2.0,0.0,0,36,Parque
131,1.0,1.0,3.0,2.0,1.0,0.0,1,36,Shopping
132,1.0,1.0,3.0,2.0,1.0,0.0,1,36,Parque
133,1.0,1.0,3.0,2.0,1.0,0.0,1,36,Shopping
134,1.0,1.0,3.0,2.0,1.0,0.0,1,36,Shopping
135,1.0,1.0,3.0,2.0,1.0,0.0,1,36,Parque
136,1.0,1.0,3.0,2.0,1.0,0.0,1,36,Shopping
137,4.0,1.0,3.0,2.0,3.0,0.0,1,36,Parque
138,0.0,0.0,1.0,2.0,1.0,0.0,1,36,Shopping
139,3.0,1.0,3.0,2.0,0.0,0.0,1,35,Shopping
140,7.0,1.0,4.0,2.0,4.0,0.0,1,35,Shopping
141,4.0,1.0,3.0,7.0,4.0,0.0,1,35,Cinema
142,4.0,1.0,3.0,7.0,4.0,0.0,1,35,Shopping
143,4.0,1.0,3.0,7.0,4.0,0.0,1,35,Parque
144,1.0,1.0,7.0,7.0,1.0,0.0,0,35,Shopping
145,3.0,3.0,5.0,7.0,4.0,0.0,0,35,Shopping
146,3.0,3.0,5.0,7.0,4.0,0.0,0,35,Parque
147,3.0,3.0,5.0,7.0,4.0,0.0,0,35,Shopping
148,3.0,3.0,5.0,7.0,4.0,0.0,0,35,Teatro
149,3.0,2.0,6.0,4.0,5.0,0.0,0,34,OUTROS
150,0.0,4.0,1.0,7.0,4.0,0.0,0,34,Cinema
151,0.0,4.0,1.0,7.0,4.0,0.0,0,34,Shopping
152,0.0,4.0,1.0,7.0,4.0,0.0,0,34,Parque
153,0.0,4.0,1.0,7.0,4.0,0.0,0,34,Shopping
154,0.0,4.0,1.0,7.0,4.0,0.0,0,34,Show
155,0.0,4.0,1.0,7.0,4.0,0.0,0,34,Bar
156,7.0,0.0,1.0,0.0,1.0,5.0,0,32,Bar
157,1.0,1.0,7.0,0.0,3.0,0.0,0,32,Shopping
158,1.0,1.0,7.0,0.0,3.0,0.0,0,32,Parque
159,1.0,1.0,7.0,0.0,3.0,0.0,0,32,Shopping
160,1.0,1.0,7.0,0.0,3.0,0.0,0,32,Museu
161,1.0,1.0,7.0,0.0,3.0,0.0,0,32,Biblioteca
162,1.0,1.0,7.0,0.0,3.0,0.0,0,32,Bar
163,1.0,0.0,1.0,0.0,1.0,0.0,0,32,Shopping
164,3.0,3.0,3.0,2.0,3.0,0.0,0,30,Shopping
165,1.0,0.0,3.0,2.0,1.0,0.0,1,29,Cinema
166,3.0,4.0,4.0,0.0,2.0,0.0,0,28,Shopping
167,3.0,4.0,4.0,0.0,2.0,0.0,0,28,Parque
168,3.0,4.0,4.0,0.0,2.0,0.0,0,28,Show
169,3.0,4.0,4.0,0.0,2.0,0.0,0,28,Bar
170,0.0,4.0,8.0,2.0,4.0,0.0,0,28,Cinema
171,0.0,4.0,8.0,2.0,4.0,0.0,0,28,Shopping
172,0.0,4.0,8.0,2.0,4.0,0.0,0,28,Parque
173,0.0,4.0,8.0,2.0,4.0,0.0,0,28,Shopping
174,0.0,4.0,8.0,2.0,4.0,0.0,0,28,Museu
175,0.0,4.0,8.0,2.0,4.0,0.0,0,28,Biblioteca
176,0.0,4.0,8.0,2.0,4.0,0.0,0,28,Jogos
177,0.0,4.0,8.0,2.0,4.0,0.0,0,28,OUTROS
178,1.0,1.0,7.0,2.0,4.0,6.0,0,25,Shopping
179,4.0,4.0,7.0,1.0,4.0,0.0,0,25,Parque
180,1.0,1.0,2.0,0.0,1.0,0.0,0,23,Cinema
181,1.0,1.0,2.0,0.0,1.0,0.0,0,23,Estádio
182,1.0,1.0,2.0,0.0,1.0,0.0,0,23,Jogos
183,0.0,0.0,1.0,7.0,4.0,5.0,0,23,Cinema
184,0.0,0.0,1.0,7.0,4.0,5.0,0,23,Parque
185,0.0,0.0,1.0,7.0,4.0,5.0,0,23,Museu
186,0.0,0.0,1.0,7.0,4.0,5.0,0,23,Jogos
187,4.0,0.0,0.0,7.0,4.0,0.0,1,23,Parque
188,3.0,1.0,3.0,0.0,4.0,0.0,0,23,Museu
189,6.0,4.0,1.0,0.0,1.0,0.0,0,23,Cinema
190,6.0,4.0,1.0,0.0,1.0,0.0,0,23,Shopping
191,6.0,4.0,1.0,0.0,1.0,0.0,0,23,Parque
192,6.0,4.0,1.0,0.0,1.0,0.0,0,23,Shopping
193,6.0,4.0,1.0,0.0,1.0,0.0,0,23,Estádio
194,6.0,4.0,1.0,0.0,1.0,0.0,0,23,Jogos
195,0.0,3.0,2.0,0.0,0.0,0.0,0,23,Shopping
196,0.0,2.0,0.0,1.0,0.0,0.0,0,23,Parque
197,6.0,0.0,1.0,1.0,0.0,0.0,0,23,Estádio
198,6.0,0.0,1.0,1.0,0.0,0.0,0,23,Shopping
199,0.0,0.0,0.0,1.0,0.0,0.0,1,22,Shopping
200,0.0,0.0,0.0,1.0,0.0,0.0,1,22,Shopping
201,0.0,0.0,0.0,1.0,0.0,0.0,1,22,Museu
202,0.0,4.0,0.0,2.0,4.0,0.0,0,21,Cinema
203,0.0,4.0,0.0,2.0,4.0,0.0,0,21,Shopping
204,0.0,4.0,0.0,2.0,4.0,0.0,0,21,Parque
205,0.0,4.0,0.0,2.0,4.0,0.0,0,21,Shopping
206,0.0,4.0,0.0,2.0,4.0,0.0,0,21,Museu
207,0.0,4.0,0.0,2.0,4.0,0.0,0,21,Teatro
208,6.0,0.0,5.0,1.0,1.0,0.0,0,21,Cinema
209,6.0,0.0,5.0,1.0,1.0,0.0,0,21,Shopping
210,6.0,0.0,5.0,1.0,1.0,0.0,0,21,Parque
211,6.0,0.0,5.0,1.0,1.0,0.0,0,21,Shopping
212,6.0,0.0,5.0,1.0,1.0,0.0,0,21,Jogos
213,4.0,2.0,3.0,7.0,4.0,5.0,0,20,Cinema
214,4.0,2.0,3.0,7.0,4.0,5.0,0,20,Shopping
215,4.0,2.0,3.0,7.0,4.0,5.0,0,20,Bar
216,5.0,3.0,7.0,0.0,1.0,0.0,0,20,Cinema
217,5.0,3.0,7.0,0.0,1.0,0.0,0,20,Shopping
218,5.0,3.0,7.0,0.0,1.0,0.0,0,20,Parque
219,5.0,3.0,7.0,0.0,1.0,0.0,0,20,Shopping
220,5.0,3.0,7.0,0.0,1.0,0.0,0,20,Jogos
221,7.0,0.0,2.0,0.0,1.0,0.0,0,19,Cinema
222,7.0,0.0,2.0,0.0,1.0,0.0,0,19,Shopping
223,7.0,0.0,2.0,0.0,1.0,0.0,0,19,Parque
224,7.0,0.0,2.0,0.0,1.0,0.0,0,19,Shopping
225,7.0,0.0,2.0,0.0,1.0,0.0,0,19,Museu
226,7.0,0.0,2.0,0.0,1.0,0.0,0,19,Jogos
227,7.0,0.0,2.0,0.0,1.0,0.0,0,19,Teatro
228,7.0,0.0,3.0,7.0,1.0,0.0,0,19,Parque
229,7.0,0.0,3.0,7.0,1.0,0.0,0,19,Parque
230,2.0,0.0,7.0,0.0,3.0,0.0,0,19,Cinema
231,2.0,0.0,7.0,0.0,3.0,0.0,0,19,Shopping
232,2.0,0.0,7.0,0.0,3.0,0.0,0,19,Parque
233,2.0,0.0,7.0,0.0,3.0,0.0,0,19,Shopping
234,2.0,0.0,7.0,0.0,3.0,0.0,0,19,Biblioteca
235,2.0,0.0,7.0,0.0,3.0,0.0,0,19,Jogos
236,2.0,0.0,7.0,0.0,3.0,0.0,0,19,Bar
237,2.0,0.0,7.0,0.0,3.0,0.0,0,19,Cinema
238,2.0,0.0,7.0,0.0,3.0,0.0,0,19,Shopping
239,2.0,0.0,7.0,0.0,3.0,0.0,0,19,Parque
240,2.0,0.0,7.0,0.0,3.0,0.0,0,19,Shopping
241,2.0,0.0,7.0,0.0,3.0,0.0,0,19,Biblioteca
242,2.0,0.0,7.0,0.0,3.0,0.0,0,19,Jogos
243,2.0,0.0,7.0,0.0,3.0,0.0,0,19,Bar
244,5.0,1.0,3.0,7.0,3.0,0.0,0,18,Shopping
245,5.0,1.0,3.0,7.0,3.0,0.0,0,18,Shopping
246,5.0,1.0,3.0,7.0,3.0,0.0,0,18,Shopping
247,7.0,1.0,5.0,2.0,4.0,5.0,0,18,Cinema
248,7.0,1.0,5.0,2.0,4.0,5.0,0,18,Parque
249,7.0,1.0,5.0,2.0,4.0,5.0,0,18,Shopping
250,7.0,1.0,5.0,2.0,4.0,5.0,0,18,Show
251,7.0,1.0,5.0,2.0,4.0,5.0,0,18,Museu
252,7.0,1.0,5.0,2.0,4.0,5.0,0,18,Biblioteca
253,7.0,1.0,5.0,2.0,4.0,5.0,0,18,Jogos
254,7.0,1.0,5.0,2.0,4.0,5.0,0,18,Teatro
255,0.0,4.0,5.0,4.0,4.0,5.0,0,18,Shopping
256,0.0,4.0,5.0,4.0,4.0,5.0,0,18,Parque
257,0.0,4.0,5.0,4.0,4.0,5.0,0,18,Biblioteca
258,0.0,4.0,5.0,4.0,4.0,5.0,0,18,Bar
259,4.0,2.0,3.0,0.0,1.0,5.0,0,18,Cinema
260,4.0,2.0,3.0,0.0,1.0,5.0,0,18,Shopping
261,4.0,2.0,3.0,0.0,1.0,5.0,0,18,Shopping
262,4.0,2.0,3.0,0.0,1.0,5.0,0,18,Show
263,4.0,2.0,3.0,0.0,1.0,5.0,0,18,Museu
264,4.0,2.0,3.0,0.0,1.0,5.0,0,18,Estádio
265,4.0,2.0,3.0,0.0,1.0,5.0,0,18,Bar
266,0.0,5.0,0.0,4.0,1.0,0.0,0,18,Cinema
267,0.0,5.0,0.0,4.0,1.0,0.0,0,18,Parque
268,0.0,5.0,0.0,4.0,1.0,0.0,0,18,Show
269,0.0,5.0,0.0,4.0,1.0,0.0,0,18,Museu
270,0.0,5.0,0.0,4.0,1.0,0.0,0,18,Teatro
271,1.0,3.0,1.0,7.0,4.0,5.0,0,17,Shopping
272,4.0,1.0,2.0,0.0,5.0,0.0,0,17,Shopping
273,0.0,1.0,4.0,2.0,1.0,4.0,0,17,Cinema
274,0.0,1.0,4.0,2.0,1.0,4.0,0,17,Parque
275,0.0,1.0,4.0,2.0,1.0,4.0,0,17,Show
276,0.0,1.0,4.0,2.0,1.0,4.0,0,17,Museu
277,0.0,1.0,4.0,2.0,1.0,4.0,0,17,Biblioteca
278,0.0,1.0,4.0,2.0,1.0,4.0,0,17,Teatro
279,4.0,5.0,6.0,0.0,0.0,0.0,0,17,Cinema
280,4.0,5.0,6.0,0.0,0.0,0.0,0,17,Parque
281,4.0,5.0,6.0,0.0,0.0,0.0,0,17,Shopping
282,4.0,5.0,6.0,0.0,0.0,0.0,0,17,Show
283,4.0,5.0,6.0,0.0,0.0,0.0,0,17,Jogos
284,4.0,5.0,6.0,0.0,0.0,0.0,0,17,Teatro
285,0.0,5.0,5.0,0.0,1.0,5.0,0,17,Show
286,0.0,1.0,3.0,0.0,1.0,0.0,0,17,Shopping
287,0.0,1.0,3.0,0.0,1.0,0.0,0,17,Parque
288,0.0,1.0,3.0,0.0,1.0,0.0,0,17,Museu
289,0.0,1.0,3.0,0.0,1.0,0.0,0,17,Biblioteca
290,0.0,1.0,3.0,0.0,1.0,0.0,0,17,Teatro
291,1.0,1.0,7.0,2.0,4.0,0.0,0,16,Shopping
292,1.0,1.0,7.0,2.0,4.0,0.0,0,16,Parque
293,1.0,1.0,7.0,2.0,4.0,0.0,0,16,Shopping
294,1.0,1.0,7.0,2.0,4.0,0.0,0,16,Museu
295,1.0,1.0,7.0,2.0,4.0,0.0,0,16,Teatro
296,4.0,4.0,1.0,7.0,3.0,0.0,0,16,Cinema
297,4.0,4.0,1.0,7.0,3.0,0.0,0,16,Shopping
298,4.0,4.0,1.0,7.0,3.0,0.0,0,16,Parque
299,4.0,4.0,1.0,7.0,3.0,0.0,0,16,Shopping
300,4.0,4.0,1.0,7.0,3.0,0.0,0,16,Jogos
301,1.0,0.0,1.0,2.0,1.0,0.0,0,16,Cinema
302,6.0,1.0,1.0,0.0,2.0,0.0,0,27,Parque
303,0.0,5.0,3.0,2.0,3.0,0.0,1,27,Cinema
304,0.0,5.0,3.0,2.0,3.0,0.0,1,27,Shopping
305,0.0,5.0,3.0,2.0,3.0,0.0,1,27,Parque
306,0.0,5.0,3.0,2.0,3.0,0.0,1,27,Shopping
307,0.0,5.0,3.0,2.0,3.0,0.0,1,27,Show
308,0.0,5.0,3.0,2.0,3.0,0.0,1,27,Bar
309,0.0,0.0,1.0,0.0,1.0,0.0,1,27,Bar
310,0.0,0.0,1.0,0.0,1.0,0.0,1,27,OUTROS
311,4.0,1.0,7.0,7.0,4.0,4.0,0,27,Cinema
312,4.0,1.0,7.0,7.0,4.0,4.0,0,27,Shopping
313,4.0,1.0,7.0,7.0,4.0,4.0,0,27,Parque
314,4.0,1.0,7.0,7.0,4.0,4.0,0,27,Show
315,4.0,1.0,7.0,7.0,4.0,4.0,0,27,Teatro
316,4.0,1.0,7.0,7.0,4.0,4.0,0,27,OUTROS
317,4.0,4.0,4.0,0.0,1.0,0.0,0,27,Cinema
318,4.0,4.0,4.0,0.0,1.0,0.0,0,27,Shopping
319,4.0,4.0,4.0,0.0,1.0,0.0,0,27,Parque
320,4.0,4.0,4.0,0.0,1.0,0.0,0,27,Show
321,4.0,4.0,4.0,0.0,1.0,0.0,0,27,Museu
322,4.0,4.0,4.0,0.0,1.0,0.0,0,27,Estádio
323,4.0,4.0,4.0,0.0,1.0,0.0,0,27,Teatro
324,4.0,4.0,4.0,0.0,1.0,0.0,0,27,Bar
325,0.0,2.0,7.0,7.0,2.0,0.0,1,27,Parque
326,3.0,1.0,3.0,2.0,2.0,0.0,1,27,Parque
327,5.0,0.0,1.0,0.0,1.0,5.0,0,21,Jogos
328,0.0,3.0,7.0,1.0,3.0,0.0,1,27,Shopping
329,5.0,0.0,1.0,0.0,1.0,5.0,0,21,Jogos
330,1.0,0.0,7.0,0.0,1.0,0.0,1,43,OUTROS
331,0.0,1.0,2.0,4.0,1.0,6.0,0,28,Bar
332,0.0,0.0,8.0,4.0,3.0,4.0,0,28,Bar
333,4.0,1.0,5.0,2.0,4.0,0.0,0,15,Cinema
334,4.0,1.0,5.0,2.0,4.0,0.0,0,15,Shopping
335,4.0,1.0,5.0,2.0,4.0,0.0,0,15,Jogos
336,0.0,1.0,8.0,0.0,2.0,6.0,0,24,Cinema
337,0.0,1.0,8.0,0.0,2.0,6.0,0,24,Shopping
338,0.0,1.0,8.0,0.0,2.0,6.0,0,24,Show
339,0.0,1.0,8.0,0.0,2.0,6.0,0,24,Estádio
340,0.0,1.0,8.0,0.0,2.0,6.0,0,24,Bar
341,0.0,1.0,8.0,0.0,2.0,6.0,0,24,OUTROS
342,7.0,1.0,4.0,4.0,4.0,0.0,0,23,Parque
343,0.0,5.0,8.0,4.0,3.0,0.0,0,19,Cinema
344,0.0,5.0,8.0,4.0,3.0,0.0,0,19,Shopping
345,0.0,5.0,8.0,4.0,3.0,0.0,0,19,Shopping
346,0.0,5.0,8.0,4.0,3.0,0.0,0,19,Jogos
347,7.0,6.0,8.0,0.0,5.0,0.0,0,28,Cinema
348,0.0,1.0,1.0,7.0,5.0,0.0,1,35,Cinema
349,0.0,0.0,1.0,0.0,5.0,0.0,1,42,Bar
350,0.0,5.0,0.0,4.0,4.0,0.0,0,43,Shopping
351,0.0,5.0,0.0,4.0,4.0,0.0,0,43,Parque
352,0.0,5.0,0.0,4.0,4.0,0.0,0,43,Biblioteca
353,0.0,5.0,0.0,4.0,4.0,0.0,0,43,Bar
354,0.0,2.0,7.0,0.0,0.0,4.0,1,58,Shopping
355,5.0,1.0,6.0,4.0,1.0,6.0,1,28,Show
356,1.0,2.0,2.0,1.0,4.0,4.0,0,53,Museu
357,6.0,3.0,1.0,0.0,2.0,4.0,1,29,Estádio
358,0.0,4.0,2.0,3.0,3.0,5.0,1,17,Shopping
359,5.0,4.0,4.0,0.0,0.0,3.0,0,28,Biblioteca
360,0.0,0.0,3.0,0.0,4.0,0.0,1,39,Biblioteca
361,4.0,5.0,7.0,1.0,4.0,6.0,1,19,Estádio
362,0.0,1.0,3.0,0.0,4.0,5.0,0,42,Cinema
363,0.0,1.0,3.0,0.0,4.0,5.0,0,42,Shopping
364,0.0,1.0,3.0,0.0,4.0,5.0,0,42,Museu
365,0.0,1.0,3.0,0.0,4.0,5.0,0,42,Estádio
366,0.0,1.0,3.0,0.0,4.0,5.0,0,42,Jogos
367,5.0,0.0,1.0,0.0,1.0,5.0,0,21,Jogos
368,7.0,1.0,0.0,4.0,4.0,0.0,0,29,Parque
369,7.0,1.0,0.0,4.0,4.0,0.0,0,29,Museu
370,7.0,1.0,0.0,4.0,4.0,0.0,0,29,Biblioteca
371,7.0,1.0,0.0,4.0,4.0,0.0,0,29,Jogos
372,0.0,5.0,4.0,4.0,3.0,5.0,0,36,Shopping
373,0.0,5.0,4.0,4.0,3.0,5.0,0,36,Parque
374,0.0,5.0,4.0,4.0,3.0,5.0,0,36,Show
375,0.0,5.0,4.0,4.0,3.0,5.0,0,36,Estádio
376,0.0,5.0,4.0,4.0,3.0,5.0,0,36,Bar
377,4.0,1.0,4.0,0.0,3.0,0.0,0,15,Shopping
378,4.0,1.0,5.0,2.0,4.0,0.0,0,30,Cinema
379,4.0,1.0,5.0,2.0,4.0,0.0,0,30,Shopping
380,4.0,1.0,5.0,2.0,4.0,0.0,0,30,Shopping
381,4.0,1.0,5.0,2.0,4.0,0.0,0,30,Biblioteca
382,4.0,1.0,5.0,2.0,4.0,0.0,0,30,Bar
383,6.0,5.0,1.0,0.0,2.0,0.0,0,35,Estádio
384,2.0,1.0,4.0,0.0,4.0,0.0,1,39,Jogos
385,6.0,1.0,5.0,4.0,4.0,6.0,1,25,Shopping
386,7.0,0.0,5.0,7.0,4.0,5.0,1,28,Shopping
387,7.0,5.0,2.0,0.0,3.0,5.0,1,28,Cinema
388,7.0,5.0,2.0,0.0,3.0,5.0,1,28,Shopping
389,7.0,5.0,2.0,0.0,3.0,5.0,1,28,Shopping
390,0.0,1.0,1.0,4.0,4.0,5.0,0,25,Cinema
391,0.0,1.0,1.0,4.0,4.0,5.0,0,25,Bar
392,0.0,0.0,2.0,4.0,4.0,5.0,0,21,Parque
393,7.0,0.0,6.0,0.0,0.0,0.0,0,35,Cinema
394,7.0,0.0,6.0,0.0,0.0,0.0,0,35,Shopping
395,7.0,0.0,6.0,0.0,0.0,0.0,0,35,Shopping
396,7.0,0.0,6.0,0.0,0.0,0.0,0,35,Show
397,7.0,0.0,6.0,0.0,0.0,0.0,0,35,Estádio
398,7.0,0.0,6.0,0.0,0.0,0.0,0,35,Bar
399,0.0,0.0,2.0,7.0,4.0,5.0,1,23,Cinema
400,0.0,0.0,2.0,7.0,4.0,5.0,1,23,Parque
401,0.0,0.0,5.0,7.0,4.0,5.0,1,35,Cinema
402,0.0,0.0,5.0,7.0,4.0,5.0,1,35,Shopping
403,0.0,0.0,5.0,7.0,4.0,5.0,1,35,Show
404,0.0,0.0,5.0,7.0,4.0,5.0,1,35,Bar
405,6.0,0.0,2.0,0.0,1.0,5.0,0,21,Shopping
406,5.0,0.0,1.0,0.0,1.0,5.0,0,21,Jogos
407,4.0,3.0,4.0,2.0,1.0,0.0,0,19,Cinema
408,4.0,3.0,4.0,2.0,1.0,0.0,0,19,Shopping
409,4.0,3.0,4.0,2.0,1.0,0.0,0,19,Parque
410,4.0,3.0,4.0,2.0,1.0,0.0,0,19,Shopping
411,4.0,3.0,4.0,2.0,1.0,0.0,0,19,Show
412,4.0,3.0,4.0,2.0,1.0,0.0,0,19,Museu
413,4.0,3.0,4.0,2.0,1.0,0.0,0,19,Biblioteca
414,4.0,3.0,4.0,2.0,1.0,0.0,0,19,Jogos
415,4.0,3.0,4.0,2.0,1.0,0.0,0,19,Teatro
416,0.0,1.0,1.0,4.0,5.0,0.0,1,42,Shopping
417,0.0,1.0,1.0,4.0,5.0,0.0,1,42,Parque
418,0.0,1.0,1.0,4.0,5.0,0.0,1,42,Shopping
419,0.0,1.0,1.0,4.0,5.0,0.0,1,42,Bar
420,4.0,5.0,0.0,7.0,1.0,5.0,0,55,Cinema
421,4.0,5.0,0.0,7.0,1.0,5.0,0,55,Shopping
422,4.0,5.0,0.0,7.0,1.0,5.0,0,55,Parque
423,4.0,5.0,0.0,7.0,1.0,5.0,0,55,Shopping
424,4.0,5.0,0.0,7.0,1.0,5.0,0,55,Show
425,4.0,5.0,0.0,7.0,1.0,5.0,0,55,Museu
426,4.0,5.0,0.0,7.0,1.0,5.0,0,55,Biblioteca
427,4.0,5.0,0.0,7.0,1.0,5.0,0,55,Teatro
428,4.0,5.0,0.0,7.0,1.0,5.0,0,55,Bar
429,0.0,0.0,6.0,1.0,4.0,0.0,0,18,Cinema
430,0.0,0.0,6.0,1.0,4.0,0.0,0,18,Shopping
431,0.0,0.0,6.0,1.0,4.0,0.0,0,18,Museu
432,0.0,0.0,6.0,1.0,4.0,0.0,0,18,Biblioteca
433,0.0,1.0,0.0,0.0,1.0,0.0,0,17,Cinema
434,0.0,1.0,0.0,0.0,1.0,0.0,0,17,Parque
435,0.0,1.0,0.0,0.0,1.0,0.0,0,17,Jogos
436,5.0,3.0,1.0,4.0,4.0,5.0,0,25,Cinema
437,0.0,0.0,7.0,0.0,4.0,0.0,0,21,Cinema
438,0.0,0.0,7.0,0.0,4.0,0.0,0,21,Shopping
439,0.0,0.0,7.0,0.0,4.0,0.0,0,21,Shopping
440,0.0,0.0,7.0,0.0,4.0,0.0,0,21,Jogos
441,0.0,0.0,5.0,7.0,4.0,0.0,0,31,Cinema
442,0.0,0.0,5.0,7.0,4.0,0.0,0,31,Shopping
443,0.0,0.0,5.0,7.0,4.0,0.0,0,31,Shopping
444,7.0,0.0,7.0,0.0,0.0,0.0,0,23,Shopping
445,7.0,0.0,7.0,0.0,0.0,0.0,0,23,Parque
446,7.0,0.0,7.0,0.0,0.0,0.0,0,23,Shopping
447,7.0,0.0,7.0,0.0,0.0,0.0,0,23,Biblioteca
448,7.0,0.0,7.0,0.0,0.0,0.0,0,23,Teatro
449,0.0,0.0,4.0,2.0,4.0,4.0,0,32,Cinema
450,0.0,0.0,4.0,2.0,4.0,4.0,0,32,Shopping
451,0.0,0.0,4.0,2.0,4.0,4.0,0,32,Shopping
452,0.0,0.0,4.0,2.0,4.0,4.0,0,32,Show
453,0.0,0.0,4.0,2.0,4.0,4.0,0,32,Teatro
454,0.0,0.0,4.0,2.0,4.0,4.0,0,32,Bar
455,0.0,0.0,7.0,0.0,3.0,5.0,1,39,Estádio
456,7.0,1.0,8.0,0.0,3.0,0.0,1,39,Bar
457,0.0,0.0,1.0,0.0,5.0,0.0,1,38,Cinema
458,0.0,0.0,1.0,0.0,5.0,0.0,1,38,Shopping
459,0.0,0.0,1.0,0.0,5.0,0.0,1,38,Estádio
460,7.0,4.0,4.0,4.0,4.0,5.0,0,16,Shopping
461,7.0,0.0,8.0,0.0,1.0,5.0,0,36,Cinema
462,7.0,0.0,8.0,0.0,1.0,5.0,0,36,Shopping
463,7.0,0.0,8.0,0.0,1.0,5.0,0,36,Parque
464,7.0,0.0,8.0,0.0,1.0,5.0,0,36,Shopping
465,7.0,0.0,8.0,0.0,1.0,5.0,0,36,Show
466,7.0,0.0,8.0,0.0,1.0,5.0,0,36,Museu
467,7.0,0.0,8.0,0.0,1.0,5.0,0,36,Estádio
468,7.0,0.0,8.0,0.0,1.0,5.0,0,36,Jogos
469,7.0,0.0,8.0,0.0,1.0,5.0,0,36,Bar
470,3.0,0.0,2.0,7.0,4.0,0.0,0,26,Cinema
471,3.0,0.0,2.0,7.0,4.0,0.0,0,26,Shopping
472,3.0,0.0,2.0,7.0,4.0,0.0,0,26,Parque
473,3.0,0.0,2.0,7.0,4.0,0.0,0,26,Shopping
474,3.0,0.0,2.0,7.0,4.0,0.0,0,26,Biblioteca
475,3.0,0.0,2.0,7.0,4.0,0.0,0,26,Teatro
476,3.0,0.0,2.0,7.0,4.0,0.0,0,26,Bar
477,1.0,5.0,8.0,4.0,1.0,4.0,1,28,Museu
478,0.0,3.0,8.0,0.0,1.0,0.0,0,25,Cinema
479,0.0,3.0,8.0,0.0,1.0,0.0,0,25,Shopping
480,0.0,3.0,8.0,0.0,1.0,0.0,0,25,Shopping
481,0.0,3.0,8.0,0.0,1.0,0.0,0,25,Museu
482,0.0,0.0,1.0,7.0,4.0,0.0,0,29,Shopping
483,0.0,0.0,1.0,7.0,4.0,0.0,0,29,Parque
484,0.0,0.0,1.0,7.0,4.0,0.0,0,29,Bar
485,0.0,0.0,1.0,7.0,4.0,0.0,0,29,OUTROS
486,0.0,1.0,0.0,7.0,4.0,5.0,0,20,Shopping
487,0.0,1.0,0.0,7.0,4.0,5.0,0,20,Parque
488,0.0,1.0,0.0,7.0,4.0,5.0,0,20,Museu
489,0.0,1.0,0.0,7.0,4.0,5.0,0,20,Biblioteca
490,0.0,0.0,0.0,3.0,4.0,5.0,0,21,Shopping
491,0.0,0.0,0.0,3.0,4.0,5.0,0,21,Jogos
492,6.0,0.0,6.0,0.0,3.0,0.0,0,28,Cinema
493,6.0,0.0,6.0,0.0,3.0,0.0,0,28,Shopping
494,6.0,0.0,6.0,0.0,3.0,0.0,0,28,Parque
495,6.0,0.0,6.0,0.0,3.0,0.0,0,28,Shopping
496,0.0,0.0,7.0,7.0,2.0,0.0,0,27,Cinema
497,0.0,0.0,7.0,7.0,2.0,0.0,0,27,Shopping
498,0.0,0.0,7.0,7.0,2.0,0.0,0,27,Shopping
499,0.0,0.0,2.0,7.0,1.0,5.0,0,42,Museu
500,0.0,0.0,2.0,7.0,1.0,5.0,0,42,Jogos
501,6.0,3.0,7.0,1.0,4.0,5.0,0,23,Cinema
502,6.0,3.0,7.0,1.0,4.0,5.0,0,23,Shopping
503,6.0,3.0,7.0,1.0,4.0,5.0,0,23,Parque
504,6.0,3.0,7.0,1.0,4.0,5.0,0,23,Shopping
505,6.0,3.0,7.0,1.0,4.0,5.0,0,23,Jogos
506,7.0,4.0,1.0,0.0,4.0,5.0,0,39,Cinema
507,7.0,4.0,1.0,0.0,4.0,5.0,0,39,Shopping
508,7.0,4.0,1.0,0.0,4.0,5.0,0,39,Show
509,7.0,4.0,1.0,0.0,4.0,5.0,0,39,Museu
510,7.0,4.0,1.0,0.0,4.0,5.0,0,39,Teatro
511,7.0,4.0,1.0,0.0,4.0,5.0,0,39,Bar
512,0.0,0.0,1.0,7.0,5.0,6.0,0,19,Cinema
513,0.0,0.0,1.0,7.0,5.0,6.0,0,19,Shopping
514,0.0,0.0,1.0,7.0,5.0,6.0,0,19,Parque
515,0.0,0.0,1.0,7.0,5.0,6.0,0,19,Jogos
516,0.0,0.0,1.0,7.0,5.0,6.0,0,19,Bar
517,7.0,1.0,2.0,3.0,5.0,0.0,0,24,Cinema
518,7.0,1.0,2.0,3.0,5.0,0.0,0,24,Shopping
519,7.0,1.0,2.0,3.0,5.0,0.0,0,24,Parque
520,7.0,1.0,2.0,3.0,5.0,0.0,0,24,Shopping
521,7.0,0.0,4.0,7.0,4.0,5.0,0,23,Cinema
522,7.0,0.0,4.0,7.0,4.0,5.0,0,23,Shopping
523,7.0,0.0,4.0,7.0,4.0,5.0,0,23,Parque
524,7.0,0.0,4.0,7.0,4.0,5.0,0,23,Shopping
525,7.0,0.0,4.0,7.0,4.0,5.0,0,23,Bar
526,1.0,0.0,8.0,7.0,4.0,5.0,0,28,Cinema
527,1.0,0.0,8.0,7.0,4.0,5.0,0,28,Shopping
528,1.0,0.0,8.0,7.0,4.0,5.0,0,28,Parque
529,1.0,0.0,8.0,7.0,4.0,5.0,0,28,Shopping
530,1.0,0.0,8.0,7.0,4.0,5.0,0,28,Show
531,1.0,0.0,8.0,7.0,4.0,5.0,0,28,Museu
532,1.0,0.0,8.0,7.0,4.0,5.0,0,28,Biblioteca
533,1.0,0.0,8.0,7.0,4.0,5.0,0,28,Estádio
534,1.0,0.0,8.0,7.0,4.0,5.0,0,28,Jogos
535,1.0,0.0,8.0,7.0,4.0,5.0,0,28,Teatro
536,1.0,0.0,8.0,7.0,4.0,5.0,0,28,Bar
537,0.0,5.0,5.0,7.0,4.0,5.0,0,31,Cinema
538,0.0,5.0,5.0,7.0,4.0,5.0,0,31,Shopping
539,0.0,5.0,5.0,7.0,4.0,5.0,0,31,Parque
540,0.0,5.0,5.0,7.0,4.0,5.0,0,31,Shopping
541,0.0,5.0,5.0,7.0,4.0,5.0,0,31,Museu
542,0.0,5.0,5.0,7.0,4.0,5.0,0,31,Jogos
543,7.0,0.0,5.0,7.0,4.0,4.0,0,23,Cinema
544,7.0,0.0,5.0,7.0,4.0,4.0,0,23,Shopping
545,7.0,0.0,5.0,7.0,4.0,4.0,0,23,Parque
546,7.0,0.0,5.0,7.0,4.0,4.0,0,23,Shopping
547,7.0,0.0,5.0,7.0,4.0,4.0,0,23,Jogos
548,7.0,0.0,5.0,7.0,4.0,4.0,0,23,Teatro
549,0.0,0.0,1.0,0.0,0.0,0.0,0,28,Cinema
550,1.0,5.0,6.0,2.0,3.0,0.0,1,36,Shopping
551,1.0,5.0,6.0,2.0,3.0,0.0,1,36,Parque
552,1.0,5.0,6.0,2.0,3.0,0.0,1,36,Shopping
553,0.0,0.0,4.0,4.0,4.0,5.0,0,21,Jogos
554,0.0,0.0,7.0,7.0,3.0,0.0,1,43,Shopping
555,0.0,0.0,7.0,7.0,3.0,0.0,1,43,Parque
556,0.0,0.0,7.0,7.0,3.0,0.0,1,43,Shopping
557,0.0,0.0,7.0,7.0,3.0,0.0,1,43,Jogos
558,0.0,5.0,7.0,7.0,4.0,0.0,0,22,Parque
559,0.0,5.0,7.0,7.0,4.0,0.0,0,22,Show
560,0.0,5.0,7.0,7.0,4.0,0.0,0,22,Jogos
561,0.0,5.0,0.0,7.0,4.0,0.0,0,18,Cinema
562,0.0,5.0,0.0,7.0,4.0,0.0,0,18,Parque
563,1.0,1.0,1.0,2.0,4.0,5.0,0,24,Cinema
564,1.0,1.0,1.0,2.0,4.0,5.0,0,24,Parque
565,1.0,1.0,1.0,2.0,4.0,5.0,0,24,Shopping
566,1.0,1.0,1.0,2.0,4.0,5.0,0,24,Jogos
567,1.0,1.0,1.0,2.0,4.0,5.0,0,24,Bar
568,0.0,5.0,5.0,7.0,1.0,5.0,0,30,Cinema
569,0.0,5.0,5.0,7.0,1.0,5.0,0,30,Shopping
570,0.0,5.0,5.0,7.0,1.0,5.0,0,30,Parque
571,0.0,5.0,5.0,7.0,1.0,5.0,0,30,Museu
572,0.0,4.0,2.0,0.0,0.0,5.0,0,29,Cinema
573,0.0,4.0,2.0,0.0,0.0,5.0,0,29,Shopping
574,0.0,4.0,2.0,0.0,0.0,5.0,0,29,Parque
575,4.0,1.0,7.0,0.0,5.0,0.0,1,52,Shopping
576,1.0,0.0,1.0,4.0,5.0,0.0,0,25,Bar
577,0.0,0.0,6.0,7.0,4.0,0.0,0,34,Cinema
578,0.0,0.0,6.0,7.0,4.0,0.0,0,34,Shopping
579,0.0,0.0,6.0,7.0,4.0,0.0,0,34,Biblioteca
580,0.0,0.0,6.0,7.0,4.0,0.0,0,34,Jogos
581,0.0,0.0,8.0,0.0,0.0,4.0,0,38,Cinema
582,0.0,0.0,8.0,0.0,0.0,4.0,0,38,Shopping
583,0.0,0.0,8.0,0.0,0.0,4.0,0,38,Parque
584,0.0,0.0,8.0,0.0,0.0,4.0,0,38,Show
585,0.0,0.0,8.0,0.0,0.0,4.0,0,38,Estádio
586,0.0,0.0,8.0,0.0,0.0,4.0,0,38,Jogos
587,0.0,0.0,8.0,0.0,0.0,4.0,0,38,Teatro
588,7.0,5.0,8.0,1.0,4.0,5.0,0,21,Shopping
589,7.0,5.0,8.0,1.0,4.0,5.0,0,21,Parque
590,7.0,5.0,8.0,1.0,4.0,5.0,0,21,Museu
591,7.0,5.0,8.0,1.0,4.0,5.0,0,21,Jogos
592,7.0,5.0,8.0,1.0,4.0,5.0,0,21,Teatro
593,1.0,0.0,4.0,7.0,0.0,5.0,0,30,Bar
594,6.0,0.0,2.0,0.0,4.0,0.0,0,21,Shopping
595,0.0,1.0,3.0,0.0,5.0,4.0,0,17,Cinema
596,0.0,1.0,3.0,0.0,5.0,4.0,0,17,Shopping
597,0.0,1.0,3.0,0.0,5.0,4.0,0,17,Parque
598,0.0,1.0,3.0,0.0,5.0,4.0,0,17,Shopping
599,0.0,1.0,3.0,0.0,5.0,4.0,0,17,Bar
600,0.0,0.0,2.0,7.0,4.0,6.0,0,22,Shopping
601,0.0,0.0,2.0,7.0,4.0,6.0,0,22,Parque
602,0.0,0.0,2.0,7.0,4.0,6.0,0,22,Jogos
603,0.0,0.0,6.0,1.0,3.0,5.0,0,18,Cinema
604,0.0,0.0,6.0,1.0,3.0,5.0,0,18,Teatro
605,4.0,0.0,1.0,0.0,5.0,0.0,0,21,Cinema
606,4.0,0.0,1.0,0.0,5.0,0.0,0,21,Shopping
607,4.0,0.0,1.0,0.0,5.0,0.0,0,21,Shopping
608,2.0,1.0,2.0,4.0,4.0,0.0,0,29,Biblioteca
609,3.0,1.0,1.0,1.0,1.0,0.0,0,28,Parque
610,0.0,0.0,1.0,0.0,5.0,5.0,0,22,Cinema
611,0.0,0.0,1.0,0.0,5.0,5.0,0,22,Museu
612,0.0,0.0,1.0,0.0,5.0,5.0,0,22,Jogos
613,0.0,5.0,5.0,0.0,1.0,0.0,1,33,Cinema
614,0.0,5.0,5.0,0.0,1.0,0.0,1,33,Shopping
615,0.0,5.0,5.0,0.0,1.0,0.0,1,33,Parque
616,1.0,0.0,2.0,0.0,3.0,0.0,0,28,Bar
617,0.0,0.0,2.0,2.0,4.0,0.0,1,38,Cinema
618,0.0,0.0,2.0,2.0,4.0,0.0,1,38,Shopping
619,0.0,0.0,2.0,2.0,4.0,0.0,1,38,Parque
620,0.0,0.0,2.0,2.0,4.0,0.0,1,38,Shopping
621,0.0,0.0,2.0,2.0,4.0,0.0,1,38,Show
622,0.0,0.0,2.0,2.0,4.0,0.0,1,38,Museu
623,0.0,0.0,2.0,2.0,4.0,0.0,1,38,Biblioteca
624,0.0,0.0,2.0,2.0,4.0,0.0,1,38,Jogos
625,0.0,0.0,2.0,2.0,4.0,0.0,1,38,Teatro
626,0.0,0.0,2.0,2.0,4.0,0.0,1,38,Bar
627,3.0,0.0,2.0,2.0,4.0,0.0,0,20,Jogos
628,0.0,1.0,0.0,0.0,4.0,5.0,0,21,Cinema
629,3.0,4.0,7.0,1.0,0.0,0.0,0,22,Cinema
630,3.0,4.0,7.0,1.0,0.0,0.0,0,22,Shopping
631,3.0,4.0,7.0,1.0,0.0,0.0,0,22,Shopping
632,3.0,4.0,7.0,1.0,0.0,0.0,0,22,Jogos
633,3.0,4.0,7.0,1.0,0.0,0.0,0,22,Teatro
634,3.0,4.0,7.0,1.0,0.0,0.0,0,22,Bar
635,0.0,3.0,6.0,4.0,4.0,5.0,0,21,Cinema
636,0.0,3.0,6.0,4.0,4.0,5.0,0,21,Shopping
637,0.0,3.0,6.0,4.0,4.0,5.0,0,21,Bar
638,0.0,0.0,6.0,4.0,4.0,5.0,0,19,OUTROS
639,4.0,5.0,1.0,0.0,5.0,5.0,0,21,Shopping
640,0.0,3.0,7.0,7.0,1.0,0.0,0,21,Shopping
641,0.0,3.0,2.0,0.0,4.0,4.0,0,17,Cinema
642,0.0,3.0,2.0,0.0,4.0,4.0,0,17,Parque
643,0.0,3.0,2.0,0.0,4.0,4.0,0,17,Shopping
644,0.0,3.0,2.0,0.0,4.0,4.0,0,17,Teatro
645,0.0,3.0,0.0,4.0,4.0,0.0,0,25,Shopping
646,0.0,6.0,7.0,0.0,5.0,0.0,0,25,Cinema
647,0.0,6.0,7.0,0.0,5.0,0.0,0,25,Shopping
648,0.0,6.0,7.0,0.0,5.0,0.0,0,25,Parque
649,0.0,6.0,7.0,0.0,5.0,0.0,0,25,Shopping
650,0.0,6.0,7.0,0.0,5.0,0.0,0,25,Show
651,0.0,6.0,7.0,0.0,5.0,0.0,0,25,Biblioteca
652,0.0,6.0,7.0,0.0,5.0,0.0,0,25,Estádio
653,0.0,6.0,7.0,0.0,5.0,0.0,0,25,Jogos
654,0.0,6.0,7.0,0.0,5.0,0.0,0,25,Bar
655,7.0,1.0,2.0,7.0,4.0,5.0,0,29,Jogos
656,0.0,3.0,2.0,4.0,4.0,0.0,0,19,Cinema
657,7.0,2.0,1.0,7.0,4.0,5.0,0,22,Cinema
658,7.0,2.0,1.0,7.0,4.0,5.0,0,22,Parque
659,7.0,2.0,1.0,7.0,4.0,5.0,0,22,Museu
660,7.0,2.0,1.0,7.0,4.0,5.0,0,22,Biblioteca
661,7.0,2.0,1.0,7.0,4.0,5.0,0,22,Jogos
662,3.0,1.0,1.0,0.0,5.0,0.0,0,21,Cinema
663,7.0,1.0,2.0,7.0,4.0,0.0,0,24,Biblioteca
664,7.0,1.0,2.0,7.0,4.0,0.0,0,24,Teatro
665,6.0,5.0,4.0,7.0,4.0,0.0,0,13,OUTROS
666,0.0,0.0,0.0,2.0,5.0,0.0,0,24,Cinema
667,0.0,0.0,0.0,2.0,5.0,0.0,0,24,Parque
668,0.0,0.0,0.0,2.0,5.0,0.0,0,24,Shopping
669,0.0,0.0,0.0,2.0,5.0,0.0,0,24,Jogos
670,4.0,3.0,4.0,2.0,4.0,0.0,0,28,Cinema
671,4.0,3.0,4.0,2.0,4.0,0.0,0,28,Shopping
672,7.0,0.0,1.0,4.0,4.0,0.0,0,20,Shopping
673,0.0,0.0,7.0,0.0,2.0,0.0,0,30,Cinema
674,0.0,0.0,7.0,0.0,2.0,0.0,0,30,Shopping
675,0.0,0.0,7.0,0.0,2.0,0.0,0,30,Museu
676,0.0,5.0,1.0,7.0,5.0,0.0,0,22,Shopping
677,0.0,5.0,1.0,7.0,5.0,0.0,0,22,Parque
678,0.0,5.0,1.0,7.0,5.0,0.0,0,22,Show
679,0.0,5.0,1.0,7.0,5.0,0.0,0,22,Jogos
680,7.0,5.0,8.0,7.0,5.0,0.0,0,16,Jogos
681,4.0,0.0,6.0,1.0,4.0,0.0,0,22,Cinema
682,4.0,0.0,6.0,1.0,4.0,0.0,0,22,Shopping
683,4.0,0.0,6.0,1.0,4.0,0.0,0,22,Parque
684,4.0,0.0,6.0,1.0,4.0,0.0,0,22,Shopping
685,4.0,0.0,6.0,1.0,4.0,0.0,0,22,Museu
686,4.0,0.0,6.0,1.0,4.0,0.0,0,22,Biblioteca
687,4.0,0.0,6.0,1.0,4.0,0.0,0,22,Teatro
688,0.0,0.0,5.0,0.0,5.0,5.0,0,29,Bar
689,7.0,2.0,3.0,7.0,4.0,0.0,1,50,OUTROS
690,4.0,1.0,8.0,2.0,4.0,5.0,0,25,Parque
691,4.0,0.0,6.0,2.0,3.0,0.0,0,23,Shopping
692,4.0,0.0,6.0,2.0,3.0,0.0,0,23,Parque
693,4.0,0.0,6.0,2.0,3.0,0.0,0,23,Museu
694,5.0,5.0,6.0,2.0,5.0,4.0,0,30,Cinema
695,5.0,5.0,6.0,2.0,5.0,4.0,0,30,Shopping
696,5.0,5.0,6.0,2.0,5.0,4.0,0,30,Shopping
697,5.0,5.0,6.0,2.0,5.0,4.0,0,30,Show
698,5.0,5.0,6.0,2.0,5.0,4.0,0,30,Bar
699,3.0,0.0,3.0,0.0,5.0,0.0,0,22,Shopping
700,4.0,1.0,2.0,2.0,4.0,5.0,0,28,Cinema
701,4.0,1.0,2.0,2.0,4.0,5.0,0,28,Shopping
702,4.0,1.0,2.0,2.0,4.0,5.0,0,28,Parque
703,4.0,1.0,2.0,2.0,4.0,5.0,0,28,Shopping
704,0.0,0.0,2.0,0.0,1.0,0.0,0,27,Cinema
705,0.0,0.0,2.0,0.0,1.0,0.0,0,27,Shopping
706,0.0,0.0,2.0,0.0,1.0,0.0,0,27,Parque
707,0.0,0.0,2.0,0.0,1.0,0.0,0,27,Shopping
708,0.0,5.0,1.0,0.0,4.0,0.0,1,29,Shopping
709,4.0,0.0,1.0,1.0,0.0,0.0,0,18,Cinema
710,4.0,0.0,1.0,1.0,0.0,0.0,0,18,Shopping
711,4.0,0.0,1.0,1.0,0.0,0.0,0,18,Shopping
712,0.0,0.0,4.0,4.0,4.0,6.0,0,22,Shopping
713,0.0,0.0,4.0,4.0,4.0,6.0,0,22,Shopping
714,0.0,0.0,4.0,4.0,4.0,6.0,0,22,Museu
715,0.0,0.0,4.0,4.0,4.0,6.0,0,22,Jogos
716,0.0,0.0,4.0,4.0,4.0,6.0,0,22,Bar
717,0.0,1.0,7.0,4.0,3.0,4.0,1,29,Bar
718,0.0,0.0,6.0,0.0,5.0,6.0,0,21,Bar
719,7.0,0.0,8.0,0.0,5.0,0.0,0,23,Cinema
720,7.0,0.0,8.0,0.0,5.0,0.0,0,23,Shopping
721,7.0,0.0,8.0,0.0,5.0,0.0,0,23,Parque
722,7.0,0.0,8.0,0.0,5.0,0.0,0,23,Shopping
723,7.0,0.0,8.0,0.0,5.0,0.0,0,23,Show
724,7.0,0.0,8.0,0.0,5.0,0.0,0,23,Estádio
725,7.0,0.0,8.0,0.0,5.0,0.0,0,23,Jogos
726,7.0,1.0,0.0,2.0,5.0,0.0,0,25,Bar
727,0.0,6.0,7.0,2.0,4.0,4.0,0,24,Shopping
728,0.0,6.0,7.0,2.0,4.0,4.0,0,24,Show
729,0.0,6.0,7.0,2.0,4.0,4.0,0,24,Jogos
730,0.0,6.0,7.0,2.0,4.0,4.0,0,24,Teatro
731,0.0,6.0,7.0,2.0,4.0,4.0,0,24,Bar
732,1.0,0.0,2.0,7.0,1.0,0.0,1,31,Shopping
733,1.0,0.0,2.0,7.0,1.0,0.0,1,31,Shopping
734,1.0,0.0,2.0,7.0,1.0,0.0,1,31,Bar
735,7.0,6.0,8.0,7.0,5.0,6.0,0,29,OUTROS
736,0.0,1.0,8.0,7.0,4.0,0.0,1,44,Shopping
737,0.0,1.0,8.0,7.0,4.0,0.0,1,44,Parque
738,0.0,1.0,8.0,7.0,4.0,0.0,1,44,Shopping
739,0.0,1.0,8.0,7.0,4.0,0.0,1,44,OUTROS
740,6.0,4.0,6.0,2.0,4.0,5.0,0,23,Shopping
741,6.0,4.0,6.0,2.0,4.0,5.0,0,23,Parque
742,6.0,4.0,6.0,2.0,4.0,5.0,0,23,Shopping
743,6.0,4.0,6.0,2.0,4.0,5.0,0,23,Jogos
744,6.0,4.0,6.0,2.0,4.0,5.0,0,23,Bar
745,0.0,0.0,1.0,0.0,1.0,0.0,1,57,Shopping
746,0.0,0.0,5.0,0.0,1.0,5.0,1,60,Estádio
747,4.0,3.0,7.0,7.0,4.0,5.0,0,24,Cinema
748,4.0,3.0,7.0,7.0,4.0,5.0,0,24,Shopping
749,4.0,3.0,7.0,7.0,4.0,5.0,0,24,Parque
750,4.0,3.0,7.0,7.0,4.0,5.0,0,24,Shopping
751,4.0,3.0,7.0,7.0,4.0,5.0,0,24,Show
752,4.0,3.0,7.0,7.0,4.0,5.0,0,24,Teatro
753,0.0,4.0,8.0,2.0,3.0,0.0,0,18,Shopping
754,0.0,2.0,5.0,1.0,3.0,0.0,0,23,Cinema
755,0.0,2.0,5.0,1.0,3.0,0.0,0,23,Shopping
756,0.0,2.0,5.0,1.0,3.0,0.0,0,23,Parque
757,0.0,2.0,5.0,1.0,3.0,0.0,0,23,Shopping
758,0.0,2.0,5.0,1.0,3.0,0.0,0,23,Show
759,0.0,2.0,5.0,1.0,3.0,0.0,0,23,Museu
760,0.0,2.0,5.0,1.0,3.0,0.0,0,23,Biblioteca
761,0.0,2.0,5.0,1.0,3.0,0.0,0,23,Jogos
762,0.0,2.0,5.0,1.0,3.0,0.0,0,23,Teatro
763,7.0,4.0,2.0,0.0,1.0,0.0,0,23,Cinema
764,7.0,4.0,2.0,0.0,1.0,0.0,0,23,Shopping
765,7.0,4.0,2.0,0.0,1.0,0.0,0,23,Parque
766,7.0,4.0,2.0,0.0,1.0,0.0,0,23,Shopping
767,7.0,4.0,2.0,0.0,1.0,0.0,0,23,Estádio
768,7.0,4.0,2.0,0.0,1.0,0.0,0,23,Jogos
769,4.0,3.0,7.0,7.0,4.0,5.0,0,24,Cinema
770,4.0,3.0,7.0,7.0,4.0,5.0,0,24,Shopping
771,4.0,3.0,7.0,7.0,4.0,5.0,0,24,Parque
772,4.0,3.0,7.0,7.0,4.0,5.0,0,24,Shopping
773,4.0,3.0,7.0,7.0,4.0,5.0,0,24,Show
774,4.0,3.0,7.0,7.0,4.0,5.0,0,24,Teatro
775,0.0,0.0,4.0,4.0,4.0,5.0,0,23,Cinema
776,0.0,0.0,4.0,4.0,4.0,5.0,0,23,Museu
777,0.0,0.0,4.0,4.0,4.0,5.0,0,23,Teatro
778,0.0,0.0,4.0,4.0,4.0,5.0,0,23,Bar
779,0.0,3.0,0.0,3.0,2.0,5.0,0,22,Cinema
780,0.0,3.0,0.0,3.0,2.0,5.0,0,22,Shopping
781,0.0,3.0,0.0,3.0,2.0,5.0,0,22,Shopping
782,0.0,3.0,0.0,3.0,2.0,5.0,0,22,Jogos
783,6.0,4.0,1.0,1.0,5.0,0.0,0,26,Cinema
784,6.0,4.0,1.0,1.0,5.0,0.0,0,26,Shopping
785,6.0,4.0,1.0,1.0,5.0,0.0,0,26,Show
786,6.0,4.0,1.0,1.0,5.0,0.0,0,26,Jogos
787,7.0,1.0,1.0,1.0,1.0,5.0,0,22,OUTROS
788,6.0,0.0,1.0,0.0,1.0,0.0,0,22,Shopping
789,0.0,6.0,0.0,7.0,3.0,3.0,0,29,Cinema
790,0.0,6.0,0.0,7.0,3.0,3.0,0,29,Parque
791,0.0,6.0,0.0,7.0,3.0,3.0,0,29,Show
792,0.0,6.0,0.0,7.0,3.0,3.0,0,29,Museu
793,0.0,6.0,0.0,7.0,3.0,3.0,0,29,Jogos
794,4.0,3.0,5.0,0.0,3.0,0.0,0,19,Cinema
795,4.0,3.0,5.0,0.0,3.0,0.0,0,19,Shopping
796,4.0,3.0,5.0,0.0,3.0,0.0,0,19,Show
797,4.0,3.0,5.0,0.0,3.0,0.0,0,19,Teatro
798,0.0,3.0,1.0,1.0,3.0,0.0,0,14,Shopping
799,0.0,0.0,1.0,4.0,4.0,0.0,1,32,Shopping
800,0.0,0.0,1.0,4.0,4.0,0.0,1,32,Show
801,1.0,4.0,1.0,0.0,1.0,0.0,0,28,Cinema
802,1.0,4.0,1.0,0.0,1.0,0.0,0,28,Shopping
803,1.0,4.0,1.0,0.0,1.0,0.0,0,28,Shopping
804,1.0,4.0,1.0,0.0,1.0,0.0,0,28,Show
805,1.0,4.0,1.0,0.0,1.0,0.0,0,28,Museu
806,1.0,4.0,1.0,0.0,1.0,0.0,0,28,Estádio
807,1.0,4.0,1.0,0.0,1.0,0.0,0,28,Jogos
808,1.0,4.0,1.0,0.0,1.0,0.0,0,28,Teatro
809,1.0,4.0,1.0,0.0,1.0,0.0,0,28,Bar
810,0.0,5.0,0.0,2.0,5.0,4.0,0,28,Shopping
811,0.0,5.0,0.0,2.0,5.0,4.0,0,28,Parque
812,0.0,5.0,0.0,2.0,5.0,4.0,0,28,Museu
813,0.0,5.0,0.0,2.0,5.0,4.0,0,28,Bar
814,3.0,1.0,3.0,2.0,0.0,0.0,1,35,Shopping
815,4.0,1.0,1.0,0.0,1.0,0.0,1,56,Shopping
